{"cameraMode":{"drawMode":0,"name":"Shaded","section":"Shading Mode"},"sceneLighting":false,"audioPlay":false,"sceneViewState":{"m_AlwaysRefresh":true,"showFog":true,"showSkybox":true,"showFlares":true,"showImageEffects":true,"showParticleSystems":true,"showVisualEffectGraphs":true,"m_FxEnabled":true},"in2DMode":false,"pivot":{"x":-308.5762023925781,"y":25.69016456604004,"z":-26.842126846313478},"rotation":{"x":-0.0012247052509337664,"y":0.7359686493873596,"z":-0.0013319748686626554,"w":-0.6770138144493103},"size":250.4187774658203,"orthographic":false}