{"cameraMode":{"drawMode":0,"name":"Shaded","section":"Shading Mode"},"sceneLighting":false,"audioPlay":false,"sceneViewState":{"m_AlwaysRefresh":true,"showFog":true,"showSkybox":false,"showFlares":true,"showImageEffects":true,"showParticleSystems":true,"showVisualEffectGraphs":true,"m_FxEnabled":false},"in2DMode":false,"pivot":{"x":14.713481903076172,"y":0.19499999284744264,"z":17.807140350341798},"rotation":{"x":0.010151459835469723,"y":0.45508721470832827,"z":-0.005182816181331873,"w":0.8903816342353821},"size":0.4111042618751526,"orthographic":true}